id,name,city,lat,lon,country
1,Cobra,Tokyo,35.687,139.7495,Japan
2,Ripley,Tokyo,35.687,139.7495,Japan
3,Bram,Tokyo,35.687,139.7495,Japan
4,DarwinZ,Tokyo,35.687,139.7495,Japan
5,squirrel,Tokyo,35.687,139.7495,Japan
6,Leon,Tokyo,35.687,139.7495,Japan
7,SteelyRivers,Tokyo,35.687,139.7495,Japan
8,Hizeck,Tokyo,35.687,139.7495,Japan
9,Adajeeee,Tokyo,35.687,139.7495,Japan
15,SaveZcash,Los Angeles,34.1141,-118.4068,United States
16,IrritableBear,Los Angeles,34.1141,-118.4068,United States
19,Guby,Los Angeles,34.1141,-118.4068,United States
20,Tei,Los Angeles,34.1141,-118.4068,United States
21,Vlad,Los Angeles,34.1141,-118.4068,United States
23,ethdevnews,Los Angeles,34.1141,-118.4068,United States
24,SosaTm,Los Angeles,34.1141,-118.4068,United States
25,raju,Los Angeles,34.1141,-118.4068,United States
26,Joe,New York,40.6943,-73.9249,United States
27,BepeCapital,New York,40.6943,-73.9249,United States
28,Eazy,New York,40.6943,-73.9249,United States
30,Jimmy È¶¨,New York,40.6943,-73.9249,United States
31,Davin Rodriguez,New York,40.6943,-73.9249,United States
32,NPrivacyC,London,51.5072,-0.1275,United Kingdom
33,Satoshi,London,51.5072,-0.1275,United Kingdom
34,Chimexcee,London,51.5072,-0.1275,United Kingdom
35,Peejay,London,51.5072,-0.1275,United Kingdom
39,ogasky,London,51.5072,-0.1275,United Kingdom
40,BostonZcash,London,51.5072,-0.1275,United Kingdom
41,gibtoshi,London,51.5072,-0.1275,United Kingdom
42,eren,London,51.5072,-0.1275,United Kingdom
44,Roth,Chicago,41.8375,-87.6866,United States
45,Marcus,Chicago,41.8375,-87.6866,United States
46,smiuffy,Chicago,41.8375,-87.6866,United States
50,Smiuffy,Chicago,41.8375,-87.6866,United States
52,smiuffy,Chicago,41.8375,-87.6866,United States
53,kalua,Chicago,41.8375,-87.6866,United States
54,nick,Chicago,41.8375,-87.6866,United States
56,Fastgridtrader,Chicago,41.8375,-87.6866,United States
58,drickzy10,Chicago,41.8375,-87.6866,United States
59,OGJE,Chicago,41.8375,-87.6866,United States
60,Joypal,Chicago,41.8375,-87.6866,United States
61,Rothbard,Chicago,41.8375,-87.6866,United States
62,yoshi,Chicago,41.8375,-87.6866,United States
64,OPOMSOL,Chicago,41.8375,-87.6866,United States
65,Sean,Hyderabad,17.3617,78.4747,India
66,just a reply guy,Hyderabad,17.3617,78.4747,India
67,Ipu,Hyderabad,17.3617,78.4747,India
68,Moseti,Hyderabad,17.3617,78.4747,India
69,naval,Hyderabad,17.3617,78.4747,India
70,sondotpin,Hyderabad,17.3617,78.4747,India
71,jimmy,Hyderabad,17.3617,78.4747,India
73,Kenyweri,Hyderabad,17.3617,78.4747,India
74,davidx,Hyderabad,17.3617,78.4747,India
75,Homie,Agra,27.18,78.02,India
76,Aryan,Agra,27.18,78.02,India
77,junghwan,Agra,27.18,78.02,India
78,Chewie,Agra,27.18,78.02,India
79,jaack,Agra,27.18,78.02,India
80,wh00hw,Agra,27.18,78.02,India
81,Shiva,Agra,27.18,78.02,India
82,Rajeshkumar,Agra,27.18,78.02,India
83,Abyssal,Agra,27.18,78.02,India
84,ü•∑,Agra,27.18,78.02,India
85,ZODL,Agra,27.18,78.02,India
86,alurosu,Agra,27.18,78.02,India
87,aisha,Agra,27.18,78.02,India
88,IKA,Agra,27.18,78.02,India
89,neil,Agra,27.18,78.02,India
90,CluelessProphet,Agra,27.18,78.02,India
91,Tiago,Agra,27.18,78.02,India
92,Gk,Agra,27.18,78.02,India
93,chiefmeowofficer,Agra,27.18,78.02,India
94,ZODL,Agra,27.18,78.02,India
95,YO,Agra,27.18,78.02,India
96,MrTEE,Agra,27.18,78.02,India
98,Sarah,Los Angeles,34.1141,-118.407,United States
99,goldenegg,Los Angeles,34.1141,-118.407,United States
102,ai,Los Angeles,34.1141,-118.407,United States
103,Anaximander,Los Angeles,34.1141,-118.407,United States
104,x,Los Angeles,34.1141,-118.407,United States
105,z,Los Angeles,34.1141,-118.407,United States
106,zec,Los Angeles,34.1141,-118.407,United States
109,zeroo,Los Angeles,34.1141,-118.407,United States
110,toni,Hyderabad,17.3617,78.4747,India
111,Nothingburg69,Hyderabad,17.3617,78.4747,India
112,Cryptopunk,Hyderabad,17.3617,78.4747,India
113,xyztoni,Hyderabad,17.3617,78.4747,India
114,Zashi,Hyderabad,17.3617,78.4747,India
115,coffee,Hyderabad,17.3617,78.4747,India
116,TipMe,Hyderabad,17.3617,78.4747,India
117,tony,Hyderabad,17.3617,78.4747,India
118,jenkin,Hyderabad,17.3617,78.4747,India
119,KeenanRIVALS,Hyderabad,17.3617,78.4747,India
120,tbl,Tokyo,35.687,139.7495,Japan
121,DerekZ,Tokyo,35.687,139.7495,Japan
122,harry,Tokyo,35.687,139.7495,Japan
123,tip,Cleveland,41.4764,-81.6805,United States
124,bruhh,Cleveland,41.4764,-81.6805,United States
125,Invictus,New York,40.6943,-73.9249,United States
126,wiyarmir,New York,40.6943,-73.9249,United States
127,Gem,New York,40.6943,-73.9249,United States
128,Bogy,New York,40.6943,-73.9249,United States
129,tokidoki,New York,40.6943,-73.9249,United States
131,GemState,Cleveland,41.4764,-81.6805,United States
132,Johanely,Cleveland,41.4764,-81.6805,United States
133,Bigmac,Cleveland,41.4764,-81.6805,United States
134,Michelangelo.zec,Cleveland,41.4764,-81.6805,United States
135,naval,Cleveland,41.4764,-81.6805,United States
136,Pay,Cleveland,41.4764,-81.6805,United States
137,Zasha,Cleveland,41.4764,-81.6805,United States
138,victor,Cleveland,41.4764,-81.6805,United States
139,0x404,Cleveland,41.4764,-81.6805,United States
141,Caesar Armitage,Cleveland,41.4764,-81.6805,United States
143,dev,Cleveland,41.4764,-81.6805,United States
144,BuyMeACoffee,Cleveland,41.4764,-81.6805,United States
145,Anarch,Cleveland,41.4764,-81.6805,United States
146,LosPinosDeFi,Cleveland,41.4764,-81.6805,United States
147,Zcash zcashio,Cleveland,41.4764,-81.6805,United States
148,zecme.zec,Tokyo,35.687,139.7495,Japan
149,Bantiz,Tokyo,35.687,139.7495,Japan
150,I‚Äôm Dan,Tokyo,35.687,139.7495,Japan
151,Zk Lim,Abu Dhabi,24.4667,54.3667,United Arab Emirates
153,0xsld,Abu Dhabi,24.4667,54.3667,United Arab Emirates
154,Sisicrypto,Abu Dhabi,24.4667,54.3667,United Arab Emirates
155,Hotdog,Abu Dhabi,24.4667,54.3667,United Arab Emirates
156,remedy,Abu Dhabi,24.4667,54.3667,United Arab Emirates
159,Tony Margarit,Abu Dhabi,24.4667,54.3667,United Arab Emirates
160,Elroi,Abu Dhabi,24.4667,54.3667,United Arab Emirates
161,Maxi,Abu Dhabi,24.4667,54.3667,United Arab Emirates
162,pump,Abu Dhabi,24.4667,54.3667,United Arab Emirates
163,ATH,Abu Dhabi,24.4667,54.3667,United Arab Emirates
164,wallet,Abu Dhabi,24.4667,54.3667,United Arab Emirates
165,binance,Abu Dhabi,24.4667,54.3667,United Arab Emirates
166,okx,Abu Dhabi,24.4667,54.3667,United Arab Emirates
167,mexc,Abu Dhabi,24.4667,54.3667,United Arab Emirates
168,mert,Abu Dhabi,24.4667,54.3667,United Arab Emirates
169,jeff,Abu Dhabi,24.4667,54.3667,United Arab Emirates
170,‚ö°Ô∏è,Abu Dhabi,24.4667,54.3667,United Arab Emirates
171,zachxbt,Abu Dhabi,24.4667,54.3667,United Arab Emirates
172,elonmusk,Abu Dhabi,24.4667,54.3667,United Arab Emirates
173,america,Abu Dhabi,24.4667,54.3667,United Arab Emirates
174,TRUMP,Abu Dhabi,24.4667,54.3667,United Arab Emirates
175,KING,Abu Dhabi,24.4667,54.3667,United Arab Emirates
176,QUEEN,Abu Dhabi,24.4667,54.3667,United Arab Emirates
177,BuyTheDip,Abu Dhabi,24.4667,54.3667,United Arab Emirates
178,ToTheMoon,Abu Dhabi,24.4667,54.3667,United Arab Emirates
179,VITALIK,Abu Dhabi,24.4667,54.3667,United Arab Emirates
180,SENT,Abu Dhabi,24.4667,54.3667,United Arab Emirates
181,STAKE,Abu Dhabi,24.4667,54.3667,United Arab Emirates
182,Epirus Capital,Abu Dhabi,24.4667,54.3667,United Arab Emirates
183,jaff,Abu Dhabi,24.4667,54.3667,United Arab Emirates
184,Jay,Abu Dhabi,24.4667,54.3667,United Arab Emirates
185,Nodir üõ°Ô∏è,Abu Dhabi,24.4667,54.3667,United Arab Emirates
186,Zebastian,Abu Dhabi,24.4667,54.3667,United Arab Emirates
187,Donated Zcash will be used for Food for homeless,Abu Dhabi,24.4667,54.3667,United Arab Emirates
189,0xZcash,Los Angeles,34.1141,-118.407,United States
192,bullish,Los Angeles,34.1141,-118.407,United States
193,Ambriorix,Los Angeles,34.1141,-118.407,United States
194,rasmus,Los Angeles,34.1141,-118.407,United States
196,Shilligans,Los Angeles,34.1141,-118.407,United States
198,Sage Byte,Los Angeles,34.1141,-118.407,United States
199,hash,Abu Dhabi,24.4667,54.3667,United Arab Emirates
200,ZcashMaximalist,Abu Dhabi,24.4667,54.3667,United Arab Emirates
201,Batman,Abu Dhabi,24.4667,54.3667,United Arab Emirates
204,Bitbreather,Abu Dhabi,24.4667,54.3667,United Arab Emirates
205,Eagle,Abu Dhabi,24.4667,54.3667,United Arab Emirates
206,Zecretary,Abu Dhabi,24.4667,54.3667,United Arab Emirates
207,Mark,Abu Dhabi,24.4667,54.3667,United Arab Emirates
208,privacyvillain,Abu Dhabi,24.4667,54.3667,United Arab Emirates
209,@oga4sky,Abu Dhabi,24.4667,54.3667,United Arab Emirates
210,Dutei,Abu Dhabi,24.4667,54.3667,United Arab Emirates
211,Guudtek,Abu Dhabi,24.4667,54.3667,United Arab Emirates
212,Zolana,Abu Dhabi,24.4667,54.3667,United Arab Emirates
215,Charles,Abu Dhabi,24.4667,54.3667,United Arab Emirates
216,Noelyb,Abu Dhabi,24.4667,54.3667,United Arab Emirates
217,Excel,Abu Dhabi,24.4667,54.3667,United Arab Emirates
219,303ZEC,Abu Dhabi,24.4667,54.3667,United Arab Emirates
220,Donnie,Abu Dhabi,24.4667,54.3667,United Arab Emirates
221,Adam,Abu Dhabi,24.4667,54.3667,United Arab Emirates
223,CNZEC,Abu Dhabi,24.4667,54.3667,United Arab Emirates
224,Cryptle ‰ªª,Abu Dhabi,24.4667,54.3667,United Arab Emirates
225,suqata,Abu Dhabi,24.4667,54.3667,United Arab Emirates
226,papaka,Abu Dhabi,24.4667,54.3667,United Arab Emirates
227,Zing,Abu Dhabi,24.4667,54.3667,United Arab Emirates
229,Michae2xl,Abu Dhabi,24.4667,54.3667,United Arab Emirates
230,PacBR,Abu Dhabi,24.4667,54.3667,United Arab Emirates
231,KHRISTOSOAK,Abu Dhabi,24.4667,54.3667,United Arab Emirates
232,e-zec,Abu Dhabi,24.4667,54.3667,United Arab Emirates
235,r25,Abu Dhabi,24.4667,54.3667,United Arab Emirates
236,Matheus Louren√ßo,Abu Dhabi,24.4667,54.3667,United Arab Emirates
237,aeyakovenko,Abu Dhabi,24.4667,54.3667,United Arab Emirates
238,MLC_SAP,Abu Dhabi,24.4667,54.3667,United Arab Emirates
239,ZEC me up,Abu Dhabi,24.4667,54.3667,United Arab Emirates
240,Svegliare,Abu Dhabi,24.4667,54.3667,United Arab Emirates
241,MuroGeo,Abu Dhabi,24.4667,54.3667,United Arab Emirates
242,vitalik,Auckland,-36.8492,174.7653,New Zealand
243,Bass,Auckland,-36.8492,174.7653,New Zealand
244,Luciano santos,Auckland,-36.8492,174.7653,New Zealand
245,0,Auckland,-36.8492,174.7653,New Zealand
246,ZcashBoy,Auckland,-36.8492,174.7653,New Zealand
249,Kroy,Auckland,-36.8492,174.7653,New Zealand
252,Rush,Auckland,-36.8492,174.7653,New Zealand
253,Afamefune,Auckland,-36.8492,174.7653,New Zealand
254,Medik,Auckland,-36.8492,174.7653,New Zealand
255,ü§ñShin,Auckland,-36.8492,174.7653,New Zealand
256,Medik,Hyderabad,17.3617,78.4747,India
257,Voxy,Hyderabad,17.3617,78.4747,India
258,zeemeeLILLI,Hyderabad,17.3617,78.4747,India
259,otonashisama,Hyderabad,17.3617,78.4747,India
260,mrx,Hyderabad,17.3617,78.4747,India
261,ZaaS,Hyderabad,17.3617,78.4747,India
262,zemeeLILLI,Hyderabad,17.3617,78.4747,India
263,Jackson,Hyderabad,17.3617,78.4747,India
264,Jiren,Hyderabad,17.3617,78.4747,India
265,ZkCroc,Auckland,-36.8492,174.7653,New Zealand
266,AGZT,Auckland,-36.8492,174.7653,New Zealand
267,cigz,Auckland,-36.8492,174.7653,New Zealand
268,Krumlar,Auckland,-36.8492,174.7653,New Zealand
269,tesla,Auckland,-36.8492,174.7653,New Zealand
270,frank,Auckland,-36.8492,174.7653,New Zealand
271,smith,Auckland,-36.8492,174.7653,New Zealand
272,Quig,Auckland,-36.8492,174.7653,New Zealand
273,NickyV28,Auckland,-36.8492,174.7653,New Zealand
274,e,Auckland,-36.8492,174.7653,New Zealand
275,b,Auckland,-36.8492,174.7653,New Zealand
276,c,Auckland,-36.8492,174.7653,New Zealand
277,v,Auckland,-36.8492,174.7653,New Zealand
281,Edicksonjga,Auckland,-36.8492,174.7653,New Zealand
282,w,Auckland,-36.8492,174.7653,New Zealand
283,SupportMe,Auckland,-36.8492,174.7653,New Zealand
284,support,Nashville,36.1715,-86.7842,United States
285,Jasper üõ°Ô∏è,Nashville,36.1715,-86.7842,United States
286,Steve,Nashville,36.1715,-86.7842,United States
287,Cypherpunk1968,Nashville,36.1715,-86.7842,United States
288,zyygaming274,Nashville,36.1715,-86.7842,United States
289,zklim,Nashville,36.1715,-86.7842,United States
290,lhsombrero,Nashville,36.1715,-86.7842,United States
291,sitamvan0,Nashville,36.1715,-86.7842,United States
292,jepeplis,Nashville,36.1715,-86.7842,United States
293,sarungjh,Nashville,36.1715,-86.7842,United States
294,Ziro,Nashville,36.1715,-86.7842,United States
295,sahi,Nashville,36.1715,-86.7842,United States
297,gramajo,Nashville,36.1715,-86.7842,United States
298,SendSomeLove,Nashville,36.1715,-86.7842,United States
299,zectardio,Nashville,36.1715,-86.7842,United States
300,SendLove,Nashville,36.1715,-86.7842,United States
301,SendTip,Nashville,36.1715,-86.7842,United States
302,Privacy,Nashville,36.1715,-86.7842,United States
303,Privacydollars,Nashville,36.1715,-86.7842,United States
304,m3nace global,Nashville,36.1715,-86.7842,United States
305,0xzeus1111,Nashville,36.1715,-86.7842,United States
306,Coincart,Nashville,36.1715,-86.7842,United States
307,Razvan,Nashville,36.1715,-86.7842,United States
308,Bigbro,Nashville,36.1715,-86.7842,United States
309,Michael,Nashville,36.1715,-86.7842,United States
310,Cookie,Nashville,36.1715,-86.7842,United States
311,wwxreincarnate,Nashville,36.1715,-86.7842,United States
312,farad,Nashville,36.1715,-86.7842,United States
313,Chriss,Nashville,36.1715,-86.7842,United States
314,benkigera,Nashville,36.1715,-86.7842,United States
315,Zcy,Nashville,36.1715,-86.7842,United States
316,maybach,Nashville,36.1715,-86.7842,United States
319,Frank,Nashville,36.1715,-86.7842,United States
320,Oxmzid,Nashville,36.1715,-86.7842,United States
321,Kabir,Nashville,36.1715,-86.7842,United States
323,DinarBTC,Nashville,36.1715,-86.7842,United States
326,Botaküõ°,Nashville,36.1715,-86.7842,United States
327,wilff,Nashville,36.1715,-86.7842,United States
328,market retard,Nashville,36.1715,-86.7842,United States
329,TZhelios,Nashville,36.1715,-86.7842,United States
330,Sanazodo0,Nashville,36.1715,-86.7842,United States
331,Based_Z,Nashville,36.1715,-86.7842,United States
332,UknowZork,Chicago,41.8375,-87.6866,United States
333,chameleon,Chicago,41.8375,-87.6866,United States
334,Zcrush,Chicago,41.8375,-87.6866,United States
335,lastbread,Chicago,41.8375,-87.6866,United States
336,Zlover,Chicago,41.8375,-87.6866,United States
337,X,Chicago,41.8375,-87.6866,United States
338,0xjacked,Chicago,41.8375,-87.6866,United States
339,ü•∂,Chicago,41.8375,-87.6866,United States
342,007,Chicago,41.8375,-87.6866,United States
343,‚ùÑÔ∏è,Chicago,41.8375,-87.6866,United States
345,üíé,Chicago,41.8375,-87.6866,United States
346,üí†,Chicago,41.8375,-87.6866,United States
348,Ftxbull,Chicago,41.8375,-87.6866,United States
349,vivek,Chicago,41.8375,-87.6866,United States
350,üê≥,Chicago,41.8375,-87.6866,United States
351,root,Chicago,41.8375,-87.6866,United States
352,chainselder,Chicago,41.8375,-87.6866,United States
353,Mister Doctor,Chicago,41.8375,-87.6866,United States
354,ü•∑,Chicago,41.8375,-87.6866,United States
355,Harlowe Rousseau,Chicago,41.8375,-87.6866,United States
356,InvestoPhilo,Chicago,41.8375,-87.6866,United States
357,Tim,Chicago,41.8375,-87.6866,United States
358,1,Chicago,41.8375,-87.6866,United States
359,Erik,Chicago,41.8375,-87.6866,United States
360,Zatoshi,Chicago,41.8375,-87.6866,United States
362,STAY SHIELDED üõ°Ô∏è,New York,40.6943,-73.9249,United States
363,0coin,New York,40.6943,-73.9249,United States
365,0A-hedge,New York,40.6943,-73.9249,United States
366,00,New York,40.6943,-73.9249,United States
367,King David,New York,40.6943,-73.9249,United States
368,Degen Poet,New York,40.6943,-73.9249,United States
369,October,New York,40.6943,-73.9249,United States
370,JunePark,New York,40.6943,-73.9249,United States
372,7beni1kedi,New York,40.6943,-73.9249,United States
376,Abidouz,New York,40.6943,-73.9249,United States
377,Asia,New York,40.6943,-73.9249,United States
378,Balerion jihad,New York,40.6943,-73.9249,United States
379,Frankienots,New York,40.6943,-73.9249,United States
381,Marco,New York,40.6943,-73.9249,United States
382,1,New York,40.6943,-73.9249,United States
383,Grannyshot,New York,40.6943,-73.9249,United States
384,Jack Jack,New York,40.6943,-73.9249,United States
385,Zillion,Hiroshima,34.3914,132.4519,Japan
386,ZcashZorro,Hiroshima,34.3914,132.4519,Japan
387,zecfjsf,Hiroshima,34.3914,132.4519,Japan
388,AcesTFB,Hiroshima,34.3914,132.4519,Japan
389,Omari,Hiroshima,34.3914,132.4519,Japan
390,jasky,Hiroshima,34.3914,132.4519,Japan
391,ncensatoru,Hiroshima,34.3914,132.4519,Japan
392,Third3311,Hiroshima,34.3914,132.4519,Japan
393,Tupusss,Hiroshima,34.3914,132.4519,Japan
394,Rawoof,Hiroshima,34.3914,132.4519,Japan
396,Unredacted,Hiroshima,34.3914,132.4519,Japan
397,Bigballs,Hiroshima,34.3914,132.4519,Japan
398,Odi,Hiroshima,34.3914,132.4519,Japan
399,Soul0x,Hiroshima,34.3914,132.4519,Japan
400,ZecGuy,Hiroshima,34.3914,132.4519,Japan
401,vheuel,Hiroshima,34.3914,132.4519,Japan
402,Colin,Hiroshima,34.3914,132.4519,Japan
403,Jam,Hiroshima,34.3914,132.4519,Japan
404,ZECBTC,Hiroshima,34.3914,132.4519,Japan
405,$ZEC Wizard,Hiroshima,34.3914,132.4519,Japan
406,spoobs,Hiroshima,34.3914,132.4519,Japan
407,Bogson,Hiroshima,34.3914,132.4519,Japan
408,üí§,Hiroshima,34.3914,132.4519,Japan
409,Alfonso,Hiroshima,34.3914,132.4519,Japan
410,nimort,Hiroshima,34.3914,132.4519,Japan
411,Bemsj,Hiroshima,34.3914,132.4519,Japan
412,8,Hiroshima,34.3914,132.4519,Japan
413,Kai,Hiroshima,34.3914,132.4519,Japan
414,El Mahdy,Hiroshima,34.3914,132.4519,Japan
415,Zechariah,Hiroshima,34.3914,132.4519,Japan
416,reym,Hiroshima,34.3914,132.4519,Japan
418,saphire,Hiroshima,34.3914,132.4519,Japan
419,Ptanicabe,Hiroshima,34.3914,132.4519,Japan
420,Min Jung,Hiroshima,34.3914,132.4519,Japan
421,Shaadawi,Hiroshima,34.3914,132.4519,Japan
422,Znation4.7,Hiroshima,34.3914,132.4519,Japan
423,Frankienots,Hiroshima,34.3914,132.4519,Japan
424,Babs,Hiroshima,34.3914,132.4519,Japan
425,starfish,Hiroshima,34.3914,132.4519,Japan
426,starfish,Hiroshima,34.3914,132.4519,Japan
427,budiarianto,Hiroshima,34.3914,132.4519,Japan
430,Cheetosss08,Hiroshima,34.3914,132.4519,Japan
431,jolgan,Hiroshima,34.3914,132.4519,Japan
433,M42857608,Hiroshima,34.3914,132.4519,Japan
434,maximorbis,Hiroshima,34.3914,132.4519,Japan
435,gelatinous,Hiroshima,34.3914,132.4519,Japan
436,faded,Hiroshima,34.3914,132.4519,Japan
437,bluelotus,Hiroshima,34.3914,132.4519,Japan
438,Deesam,Hiroshima,34.3914,132.4519,Japan
439,maxim_orbis,New York,40.6943,-73.9249,United States
440,00000000,New York,40.6943,-73.9249,United States
441,$Zcash$,New York,40.6943,-73.9249,United States
442,BBELAY,New York,40.6943,-73.9249,United States
444,Abuab3l,New York,40.6943,-73.9249,United States
445,frankbraun,New York,40.6943,-73.9249,United States
446,surya,New York,40.6943,-73.9249,United States
447,0001,New York,40.6943,-73.9249,United States
449,oscarin,New York,40.6943,-73.9249,United States
450,Zentinel,New York,40.6943,-73.9249,United States
451,narahadid,New York,40.6943,-73.9249,United States
452,EdTwiri,New York,40.6943,-73.9249,United States
454,EdTwiri,New York,40.6943,-73.9249,United States
455,DOP,Tokyo,35.687,139.7495,Japan
462,nex,Tokyo,35.687,139.7495,Japan
463,Astrid,Tokyo,35.687,139.7495,Japan
464,ndrw,Edmonton,53.5344,-113.4903,Canada
467,bemstrong,Edmonton,53.5344,-113.4903,Canada
468,Anthony,Edmonton,53.5344,-113.4903,Canada
469,Arsalan0x,Edmonton,53.5344,-113.4903,Canada
471,Jowi,Edmonton,53.5344,-113.4903,Canada
472,radahn,Edmonton,53.5344,-113.4903,Canada
473,Kingdompings,Edmonton,53.5344,-113.4903,Canada
474,cambion,Edmonton,53.5344,-113.4903,Canada
475,blazeyoru,Edmonton,53.5344,-113.4903,Canada
476,KingAG,Edmonton,53.5344,-113.4903,Canada
477,Bloodmoon,Edmonton,53.5344,-113.4903,Canada
481,blacktoberr,Edmonton,53.5344,-113.4903,Canada
482,FERDY GUNAWAN,Edmonton,53.5344,-113.4903,Canada
485,Sohrab,Edmonton,53.5344,-113.4903,Canada
486,Azmoth,Edmonton,53.5344,-113.4903,Canada
487,Nate,Edmonton,53.5344,-113.4903,Canada
488,damienen,Edmonton,53.5344,-113.4903,Canada
490,minutes,Edmonton,53.5344,-113.4903,Canada
491,Dellaagustinnnn,Edmonton,53.5344,-113.4903,Canada
492,Ryan,Edmonton,53.5344,-113.4903,Canada
497,Laserwave.G,Edmonton,53.5344,-113.4903,Canada
500,doumaxyz,Edmonton,53.5344,-113.4903,Canada
502,ryuma,Edmonton,53.5344,-113.4903,Canada
503,dika,Edmonton,53.5344,-113.4903,Canada
506,ryuma,Edmonton,53.5344,-113.4903,Canada
507,Min-Jung-Un,Edmonton,53.5344,-113.4903,Canada
509,Andarxe,Edmonton,53.5344,-113.4903,Canada
510,513,Edmonton,53.5344,-113.4903,Canada
511,Katarak,Edmonton,53.5344,-113.4903,Canada
513,Katarak,Edmonton,53.5344,-113.4903,Canada
519,HendraAR,Edmonton,53.5344,-113.4903,Canada
520,kaevur,Edmonton,53.5344,-113.4903,Canada
521,pollazo,Edmonton,53.5344,-113.4903,Canada
522,Required,Edmonton,53.5344,-113.4903,Canada
524,required,Edmonton,53.5344,-113.4903,Canada
525,Sanazodo0,Edmonton,53.5344,-113.4903,Canada
526,0xnetero,Edmonton,53.5344,-113.4903,Canada
527,andarxe,Edmonton,53.5344,-113.4903,Canada
528,Anjes,Edmonton,53.5344,-113.4903,Canada
529,cyber,Edmonton,53.5344,-113.4903,Canada
530,Vincent,Edmonton,53.5344,-113.4903,Canada
531,ethos,Los Angeles,34.1141,-118.407,United States
532,Jhonparker,Los Angeles,34.1141,-118.407,United States
533,Makda,Los Angeles,34.1141,-118.407,United States
539,ingpixels@gmail.com,Los Angeles,34.1141,-118.407,United States
545,sohighsquinteye,Los Angeles,34.1141,-118.407,United States
548,ZeroGuard,Los Angeles,34.1141,-118.407,United States
549,Sudo,Ottawa,45.4247,-75.695,Canada
550,thetopsniper,Ottawa,45.4247,-75.695,Canada
553,DOP,Ottawa,45.4247,-75.695,Canada
554,Teiki,Ottawa,45.4247,-75.695,Canada
555,zero,Ottawa,45.4247,-75.695,Canada
556,Porkmemer,Ottawa,45.4247,-75.695,Canada
557,Blanks,Ottawa,45.4247,-75.695,Canada
558,Vitalik.eth,Ottawa,45.4247,-75.695,Canada
559,Irawan,Ottawa,45.4247,-75.695,Canada
560,Irawan,Ottawa,45.4247,-75.695,Canada
562,irawan12006,Ottawa,45.4247,-75.695,Canada
563,Tradingisbae,Ottawa,45.4247,-75.695,Canada
567,InternJumbo,Ottawa,45.4247,-75.695,Canada
568,Crypt0goody,Ottawa,45.4247,-75.695,Canada
569,patel,Ottawa,45.4247,-75.695,Canada
570,Chachi,Ottawa,45.4247,-75.695,Canada
571,Paul,Ottawa,45.4247,-75.695,Canada
573,ncensatoru,Ottawa,45.4247,-75.695,Canada
575,Paul,Ottawa,45.4247,-75.695,Canada
576,Yugenkiera,Ottawa,45.4247,-75.695,Canada
577,IcedonChain,Ottawa,45.4247,-75.695,Canada
578,zcash monster,Ottawa,45.4247,-75.695,Canada
579,kinggoe,Ottawa,45.4247,-75.695,Canada
580,coincans,Ottawa,45.4247,-75.695,Canada
582,Exacerbate,Ottawa,45.4247,-75.695,Canada
583,UlatPadi,Ottawa,45.4247,-75.695,Canada
584,Bheshchrisrin,Ottawa,45.4247,-75.695,Canada
586,avaxxzz,Ottawa,45.4247,-75.695,Canada
587,Goodgame,Ottawa,45.4247,-75.695,Canada
588,lithium,Ottawa,45.4247,-75.695,Canada
590,Chysom,Ottawa,45.4247,-75.695,Canada
591,SOOK SOUL,Ottawa,45.4247,-75.695,Canada
592,Oxzec,Ottawa,45.4247,-75.695,Canada
596,Oxzec,Ottawa,45.4247,-75.695,Canada
597,X Call,Tokyo,35.687,139.7495,Japan
599,Eke,Tokyo,35.687,139.7495,Japan
600,0xCryp,Tokyo,35.687,139.7495,Japan
601,3,Morelia,19.7683,-101.1894,Mexico
602,antiscaliger,Morelia,19.7683,-101.1894,Mexico
604,antiscaliger,Morelia,19.7683,-101.1894,Mexico
605,888,Morelia,19.7683,-101.1894,Mexico
606,antiscaliger,Morelia,19.7683,-101.1894,Mexico
607,4,Morelia,19.7683,-101.1894,Mexico
608,encrypt,Morelia,19.7683,-101.1894,Mexico
609,WShatnr,Morelia,19.7683,-101.1894,Mexico
610,Analos,Morelia,19.7683,-101.1894,Mexico
611,‡Ω†‡Ωñ‡æ≤‡Ω¥‡ΩÇ,Morelia,19.7683,-101.1894,Mexico
612,Áå´,Morelia,19.7683,-101.1894,Mexico
613,Jeanie Rhose Oniot,Morelia,19.7683,-101.1894,Mexico
614,Blehhh,Morelia,19.7683,-101.1894,Mexico
615,Mikasa,New York,40.6943,-73.9249,United States
616,zcashier,New York,40.6943,-73.9249,United States
618,mikas4,New York,40.6943,-73.9249,United States
619,ajangherdi,New York,40.6943,-73.9249,United States
620,nicolas,New York,40.6943,-73.9249,United States
621,john,Bordeaux,44.84,-0.58,France
622,zcashdon,Bordeaux,44.84,-0.58,France
623,Zi,Bordeaux,44.84,-0.58,France
624,Alberto,Bordeaux,44.84,-0.58,France
631,elzz,Bordeaux,44.84,-0.58,France
632,Oxkraken,Bordeaux,44.84,-0.58,France
633,Vynlo,Bordeaux,44.84,-0.58,France
634,Cryptof4m,Bordeaux,44.84,-0.58,France
636,Diego,Bordeaux,44.84,-0.58,France
637,Kristen,Bordeaux,44.84,-0.58,France
638,ElPuerco0x,Bordeaux,44.84,-0.58,France
639,Iqraflii,Bordeaux,44.84,-0.58,France
640,$nothingburg,Bordeaux,44.84,-0.58,France
642,.nothingburg69,Bordeaux,44.84,-0.58,France
643,AssBurger Capital,Bordeaux,44.84,-0.58,France
645,tactics,Bordeaux,44.84,-0.58,France
646,Rupert,Bordeaux,44.84,-0.58,France
647,zetardio,Malaga,36.7194,-4.42,Spain
648,Harsh Bajpai,Malaga,36.7194,-4.42,Spain
649,LivanJr,Malaga,36.7194,-4.42,Spain
651,zcasher33,Malaga,36.7194,-4.42,Spain
652,leo,Malaga,36.7194,-4.42,Spain
653,ihsotsa,Malaga,36.7194,-4.42,Spain
654,HazyCubs,Malaga,36.7194,-4.42,Spain
656,ihsotas,Malaga,36.7194,-4.42,Spain
657,K,Malaga,36.7194,-4.42,Spain
660,Lowo,Malaga,36.7194,-4.42,Spain
661,Green Zebra,Malaga,36.7194,-4.42,Spain
662,Chand,Malaga,36.7194,-4.42,Spain
664,Cryptopractitioner,Malaga,36.7194,-4.42,Spain
665,0xdejita,Malaga,36.7194,-4.42,Spain
669,SINACH,Malaga,36.7194,-4.42,Spain
670,Zcash Guardian,Hyderabad,17.3617,78.4747,India
671,thecryptocoach,Hyderabad,17.3617,78.4747,India
672,Allseekfather,Hyderabad,17.3617,78.4747,India
673,Lionelyat,Hyderabad,17.3617,78.4747,India
674,Oxmzid,Hyderabad,17.3617,78.4747,India
675,Bheshchrisrin,Hyderabad,17.3617,78.4747,India
676,vulgonarc,Hyderabad,17.3617,78.4747,India
677,RaulZ,Hyderabad,17.3617,78.4747,India
678,Ibex,Hyderabad,17.3617,78.4747,India
680,frankienots,Hyderabad,17.3617,78.4747,India
681,JORDAN,Hyderabad,17.3617,78.4747,India
682,Sir Cryptophare,Hyderabad,17.3617,78.4747,India
683,Estherh0lls,Hyderabad,17.3617,78.4747,India
684,ZcashHodler,Tokyo,35.687,139.7495,Japan
685,Zilin,Tokyo,35.687,139.7495,Japan
688,beyefendi,Tokyo,35.687,139.7495,Japan
689,z2z,Dallas,32.7935,-96.7667,United States
690,CryptoPhare,Dallas,32.7935,-96.7667,United States
691,Elshamae,Dallas,32.7935,-96.7667,United States
694,trenchkid,Dallas,32.7935,-96.7667,United States
696,Suryz4_,Dallas,32.7935,-96.7667,United States
697,Elsha,Dallas,32.7935,-96.7667,United States
698,Logan JW,Dallas,32.7935,-96.7667,United States
699,Cyrus,Dallas,32.7935,-96.7667,United States
700,rwinss,Dallas,32.7935,-96.7667,United States
702,nimortem,La Plata,-34.9211,-57.9544,Argentina
703,Raisign,La Plata,-34.9211,-57.9544,Argentina
704,zyygaming274,La Plata,-34.9211,-57.9544,Argentina
706,Light,La Plata,-34.9211,-57.9544,Argentina
707,hampng,La Plata,-34.9211,-57.9544,Argentina
708,datsznn,La Plata,-34.9211,-57.9544,Argentina
709,jepeplis,La Plata,-34.9211,-57.9544,Argentina
710,Datonx,La Plata,-34.9211,-57.9544,Argentina
711,sepeda,La Plata,-34.9211,-57.9544,Argentina
712,linlin,La Plata,-34.9211,-57.9544,Argentina
713,Mitosis,La Plata,-34.9211,-57.9544,Argentina
714,TraderAndino,La Plata,-34.9211,-57.9544,Argentina
715,Pintu,La Plata,-34.9211,-57.9544,Argentina
716,Tidur,La Plata,-34.9211,-57.9544,Argentina
717,sssvuuu,La Plata,-34.9211,-57.9544,Argentina
718,Monsignore,La Plata,-34.9211,-57.9544,Argentina
719,braimrap,La Plata,-34.9211,-57.9544,Argentina
720,Lhsombrero,La Plata,-34.9211,-57.9544,Argentina
721,Jess,La Plata,-34.9211,-57.9544,Argentina
722,Ferrdiisky,La Plata,-34.9211,-57.9544,Argentina
723,Dedayo,La Plata,-34.9211,-57.9544,Argentina
724,Jeesss26,La Plata,-34.9211,-57.9544,Argentina
725,Binbulling,La Plata,-34.9211,-57.9544,Argentina
726,ZECgoddess,La Plata,-34.9211,-57.9544,Argentina
727,Azmoth,La Plata,-34.9211,-57.9544,Argentina
729,thea,La Plata,-34.9211,-57.9544,Argentina
730,VAzmoth,La Plata,-34.9211,-57.9544,Argentina
731,gaskolin,La Plata,-34.9211,-57.9544,Argentina
735,fukuri,La Plata,-34.9211,-57.9544,Argentina
736,hapeuk93,Cartagena,10.4,-75.5,Colombia
737,Renday,Cartagena,10.4,-75.5,Colombia
738,braimraps,Cartagena,10.4,-75.5,Colombia
739,AhBAS,Cartagena,10.4,-75.5,Colombia
740,g0dzella,Cartagena,10.4,-75.5,Colombia
741,September,Cartagena,10.4,-75.5,Colombia
742,Retards,Cartagena,10.4,-75.5,Colombia
743,kiww,Cartagena,10.4,-75.5,Colombia
744,Fanokt,Cartagena,10.4,-75.5,Colombia
745,coincan,Cartagena,10.4,-75.5,Colombia
746,heart,Cartagena,10.4,-75.5,Colombia
747,DevWilly,Cartagena,10.4,-75.5,Colombia
748,Skull,Cartagena,10.4,-75.5,Colombia
749,Meister D,Cartagena,10.4,-75.5,Colombia
750,Ipirendi,New York,40.6943,-73.9249,United States
751,Lucy,New York,40.6943,-73.9249,United States
752,ZEC the believer,New York,40.6943,-73.9249,United States
753,emil,New York,40.6943,-73.9249,United States
754,zillions,New York,40.6943,-73.9249,United States
755,Omari,Naples,40.8358,14.2486,Italy
756,Lemme,Naples,40.8358,14.2486,Italy
757,SriHanii,Naples,40.8358,14.2486,Italy
758,Sigitpede,Naples,40.8358,14.2486,Italy
759,Rend,Naples,40.8358,14.2486,Italy
761,Sutrisno,Naples,40.8358,14.2486,Italy
763,Sigit,Naples,40.8358,14.2486,Italy
764,Cel,Naples,40.8358,14.2486,Italy
766,Hidengrara,London,51.5072,-0.1275,United Kingdom
767,Rifalirsandi,London,51.5072,-0.1275,United Kingdom
768,Ipulaahh,London,51.5072,-0.1275,United Kingdom
772,Torao,London,51.5072,-0.1275,United Kingdom
773,Jancoah,London,51.5072,-0.1275,United Kingdom
774,Jujunaahh,London,51.5072,-0.1275,United Kingdom
775,Mayor,London,51.5072,-0.1275,United Kingdom
776,signature,London,51.5072,-0.1275,United Kingdom
778,Ethan,London,51.5072,-0.1275,United Kingdom
779,cryptoprivacy,London,51.5072,-0.1275,United Kingdom
780,Moritz,London,51.5072,-0.1275,United Kingdom
781,Cape,London,51.5072,-0.1275,United Kingdom
782,Gween,London,51.5072,-0.1275,United Kingdom
783,jeff,London,51.5072,-0.1275,United Kingdom
784,jeff35791257688,London,51.5072,-0.1275,United Kingdom
785,Sebo,London,51.5072,-0.1275,United Kingdom
786,0xbalapati,London,51.5072,-0.1275,United Kingdom
787,selur,London,51.5072,-0.1275,United Kingdom
788,Hivera,London,51.5072,-0.1275,United Kingdom
789,Hivera,Santiago del Estero,-27.7833,-64.2667,Argentina
790,Trump,Santiago del Estero,-27.7833,-64.2667,Argentina
792,cook,Santiago del Estero,-27.7833,-64.2667,Argentina
793,iel,Santiago del Estero,-27.7833,-64.2667,Argentina
794,Jossy4pf,Santiago del Estero,-27.7833,-64.2667,Argentina
795,Kienss,Santiago del Estero,-27.7833,-64.2667,Argentina
796,dara,Santiago del Estero,-27.7833,-64.2667,Argentina
797,Jatt,Santiago del Estero,-27.7833,-64.2667,Argentina
798,dara,Santiago del Estero,-27.7833,-64.2667,Argentina
799,Sage William,Santiago del Estero,-27.7833,-64.2667,Argentina
800,Fufafa,Santiago del Estero,-27.7833,-64.2667,Argentina
801,Oracle,Santiago del Estero,-27.7833,-64.2667,Argentina
803,Twixz,Santiago del Estero,-27.7833,-64.2667,Argentina
804,xhuman,Santiago del Estero,-27.7833,-64.2667,Argentina
805,Dreamer,Santiago del Estero,-27.7833,-64.2667,Argentina
807,Sovcoach,Santiago del Estero,-27.7833,-64.2667,Argentina
808,Maverick,Santiago del Estero,-27.7833,-64.2667,Argentina
809,Ujangbakwan,Santiago del Estero,-27.7833,-64.2667,Argentina
810,Miskeen,Santiago del Estero,-27.7833,-64.2667,Argentina
811,May,Santiago del Estero,-27.7833,-64.2667,Argentina
812,Pau Lexii,Santiago del Estero,-27.7833,-64.2667,Argentina
814,Luckyboy,Santiago del Estero,-27.7833,-64.2667,Argentina
815,dblezzz,Santiago del Estero,-27.7833,-64.2667,Argentina
817,narc,Santiago del Estero,-27.7833,-64.2667,Argentina
818,Guanxin,Santiago del Estero,-27.7833,-64.2667,Argentina
819,Alves,New York,40.6943,-73.9249,United States
820,Elys,New York,40.6943,-73.9249,United States
821,elii,New York,40.6943,-73.9249,United States
822,Yoshi,New York,40.6943,-73.9249,United States
823,Rogin John,New York,40.6943,-73.9249,United States
826,Fatal,New Orleans,30.0687,-89.9288,United States
827,DmiitriCs,New Orleans,30.0687,-89.9288,United States
828,Marwan,New Orleans,30.0687,-89.9288,United States
829,Fortunwhjm,New Orleans,30.0687,-89.9288,United States
830,City,New Orleans,30.0687,-89.9288,United States
831,Eyiu,New Orleans,30.0687,-89.9288,United States
832,Zashi,New Orleans,30.0687,-89.9288,United States
833,SuerW1n,New Orleans,30.0687,-89.9288,United States
835,IF,New Orleans,30.0687,-89.9288,United States
836,sahi,New Orleans,30.0687,-89.9288,United States
837,Vicol,New Orleans,30.0687,-89.9288,United States
838,asep kanceuh,New Orleans,30.0687,-89.9288,United States
841,Solace,New Orleans,30.0687,-89.9288,United States
842,Vhe√ºel,New Orleans,30.0687,-89.9288,United States
843,Dave,New Orleans,30.0687,-89.9288,United States
844,enofone,New Orleans,30.0687,-89.9288,United States
845,Lucas,New Orleans,30.0687,-89.9288,United States
846,Zashi,New Orleans,30.0687,-89.9288,United States
847,Makkunah,New Orleans,30.0687,-89.9288,United States
849,Chimexcee,New Orleans,30.0687,-89.9288,United States
852,mrnft17,New Orleans,30.0687,-89.9288,United States
854,Adeel,New Orleans,30.0687,-89.9288,United States
855,JowiZ,New Orleans,30.0687,-89.9288,United States
856,Anonymist,New Orleans,30.0687,-89.9288,United States
857,Tristan,New Orleans,30.0687,-89.9288,United States
859,Frz_fzl,New Orleans,30.0687,-89.9288,United States
867,Paul Brigner,New Orleans,30.0687,-89.9288,United States
868,fawaz,New Orleans,30.0687,-89.9288,United States
869,Hokisuper12,New Orleans,30.0687,-89.9288,United States
870,bar.,New Orleans,30.0687,-89.9288,United States
871,shakizec,Chicago,41.8375,-87.6866,United States
872,adaletbilen,Chicago,41.8375,-87.6866,United States
873,PEPE,Chicago,41.8375,-87.6866,United States
874,DOGE,Chicago,41.8375,-87.6866,United States
875,Marinus,Chicago,41.8375,-87.6866,United States
876,shibainu,Chicago,41.8375,-87.6866,United States
877,solana,Chicago,41.8375,-87.6866,United States
878,Ansem,Chicago,41.8375,-87.6866,United States
879,elonmusk,Chicago,41.8375,-87.6866,United States
880,Marinus,Chicago,41.8375,-87.6866,United States
881,Zcash Canada,Chicago,41.8375,-87.6866,United States
882,Chantelle,Chicago,41.8375,-87.6866,United States
884,The Gist of Books,Chicago,41.8375,-87.6866,United States
885,ka,Chicago,41.8375,-87.6866,United States
887,Alberto Centelles,Maceio,-9.6658,-35.735,Brazil
888,bebe,Maceio,-9.6658,-35.735,Brazil
889,Beary,Maceio,-9.6658,-35.735,Brazil
891,Zcash Ninja,Maceio,-9.6658,-35.735,Brazil
893,ydm,Maceio,-9.6658,-35.735,Brazil
895,Cel,Maceio,-9.6658,-35.735,Brazil
896,Jhon Muds,Maceio,-9.6658,-35.735,Brazil
898,daughterofpops,Maceio,-9.6658,-35.735,Brazil
899,DEREK_88888888,Maceio,-9.6658,-35.735,Brazil
900,tamao,Maceio,-9.6658,-35.735,Brazil
902,ZODL,Maceio,-9.6658,-35.735,Brazil
903,Chand,Maceio,-9.6658,-35.735,Brazil
904,ZXTNLV7,Maceio,-9.6658,-35.735,Brazil
905,@camoneysh,Maceio,-9.6658,-35.735,Brazil
906,TopCrypto,Maceio,-9.6658,-35.735,Brazil
908,CruiseZodler,Maceio,-9.6658,-35.735,Brazil
910,zerothreatdaily,Maceio,-9.6658,-35.735,Brazil
911,AL3X,Maceio,-9.6658,-35.735,Brazil
912,Nobu,Maceio,-9.6658,-35.735,Brazil
913,Emma,Maceio,-9.6658,-35.735,Brazil
914,Memefomo,Chihuahua,28.6369,-106.0769,Mexico
915,Gans,Chihuahua,28.6369,-106.0769,Mexico
916,Nic,Chihuahua,28.6369,-106.0769,Mexico
917,Nic,Chihuahua,28.6369,-106.0769,Mexico
921,Emma,Chihuahua,28.6369,-106.0769,Mexico
923,Sado,Chihuahua,28.6369,-106.0769,Mexico
925,Luefe,Chihuahua,28.6369,-106.0769,Mexico
926,Deer Juice,Chihuahua,28.6369,-106.0769,Mexico
927,Afamefune,Chihuahua,28.6369,-106.0769,Mexico
928,Sweet,New York,40.6943,-73.9249,United States
929,Pappy_bern,New York,40.6943,-73.9249,United States
930,YH,New York,40.6943,-73.9249,United States
936,Abdullah,New York,40.6943,-73.9249,United States
938,Kaal__el,New York,40.6943,-73.9249,United States
939,Monk,Austin,30.3005,-97.7522,United States
940,Skye,Austin,30.3005,-97.7522,United States
942,Justmasc1,Austin,30.3005,-97.7522,United States
943,Rupert8821,Austin,30.3005,-97.7522,United States
944,Chip86,Austin,30.3005,-97.7522,United States
946,N3O,Austin,30.3005,-97.7522,United States
947,Matty Snarks,Austin,30.3005,-97.7522,United States
948,Gay,Austin,30.3005,-97.7522,United States
951,Piscean,Austin,30.3005,-97.7522,United States
952,CyberAxe,Austin,30.3005,-97.7522,United States
953,Danieloneyu,Austin,30.3005,-97.7522,United States
954,Hyder,Austin,30.3005,-97.7522,United States
955,Emmanuella,Austin,30.3005,-97.7522,United States
956,sai,Austin,30.3005,-97.7522,United States
958,26,Austin,30.3005,-97.7522,United States
959,kidcom,Austin,30.3005,-97.7522,United States
961,Mrfaithdriven,Austin,30.3005,-97.7522,United States
962,rintarozen,Austin,30.3005,-97.7522,United States
963,metafrend,Austin,30.3005,-97.7522,United States
964,zjess0,Austin,30.3005,-97.7522,United States
965,server,Austin,30.3005,-97.7522,United States
966,Kyan,Austin,30.3005,-97.7522,United States
967,mina,Austin,30.3005,-97.7522,United States
968,nouboudo,Austin,30.3005,-97.7522,United States
969,Mikiro,Austin,30.3005,-97.7522,United States
970,Aswin,Austin,30.3005,-97.7522,United States
971,Mikiro,Austin,30.3005,-97.7522,United States
972,Dreyy,Austin,30.3005,-97.7522,United States
973,Treyx,Austin,30.3005,-97.7522,United States
974,Roy8,Austin,30.3005,-97.7522,United States
976,rj,Austin,30.3005,-97.7522,United States
977,Crypto Doctor,Austin,30.3005,-97.7522,United States
984,mnprsnt,Austin,30.3005,-97.7522,United States
986,Ifedayo,Austin,30.3005,-97.7522,United States
989,Tosholove,Austin,30.3005,-97.7522,United States
990,coco,Austin,30.3005,-97.7522,United States
991,kenzo,Austin,30.3005,-97.7522,United States
993,RipperüíÄ,Austin,30.3005,-97.7522,United States
994,Inavamsi Enaganti,Austin,30.3005,-97.7522,United States
995,zklim,Austin,30.3005,-97.7522,United States
996,Imajinsize,Austin,30.3005,-97.7522,United States
997,Kenny Quest,Austin,30.3005,-97.7522,United States
998,Ghosty,Austin,30.3005,-97.7522,United States
999,Onadssss,Austin,30.3005,-97.7522,United States
1000,Onadsssss,Austin,30.3005,-97.7522,United States
1001,Zeela,Los Angeles,34.1141,-118.407,United States
1002,yorunite,Los Angeles,34.1141,-118.407,United States
1003,nimort,Los Angeles,34.1141,-118.407,United States
1004,ikooki,Los Angeles,34.1141,-118.407,United States
1005,piurjudges,Los Angeles,34.1141,-118.407,United States
1006,CryptoXoide,Los Angeles,34.1141,-118.407,United States
1007,Tyco,Austin,30.3005,-97.7522,United States
1008,Utest1,Austin,30.3005,-97.7522,United States
1009,satoshi,Austin,30.3005,-97.7522,United States
1010,zooko,Austin,30.3005,-97.7522,United States
1011,Nana,Austin,30.3005,-97.7522,United States
1012,DANIEL,Austin,30.3005,-97.7522,United States
1013,utest2,Austin,30.3005,-97.7522,United States
1015,Mamadüõ°,Austin,30.3005,-97.7522,United States
1017,Zguyy,Austin,30.3005,-97.7522,United States
1026,Beatmyname1,Austin,30.3005,-97.7522,United States
1027,sz0rs,Austin,30.3005,-97.7522,United States
1028,0xSageByte,Austin,30.3005,-97.7522,United States
1029,1life,Austin,30.3005,-97.7522,United States
1030,Joypal,Austin,30.3005,-97.7522,United States
1031,Joypal üõ°Ô∏è,Austin,30.3005,-97.7522,United States
1032,abczure,Austin,30.3005,-97.7522,United States
1033,Ayoola,Austin,30.3005,-97.7522,United States
1034,beek,Austin,30.3005,-97.7522,United States
1035,Zcashwin,Austin,30.3005,-97.7522,United States
1039,DarwinZ11,Austin,30.3005,-97.7522,United States
1041,DarwinZ,Tokyo,35.687,139.7495,Japan
1042,levianne,Tokyo,35.687,139.7495,Japan
1043,Azamaox,Tokyo,35.687,139.7495,Japan
1044,Oreziiy,Tilburg,51.5572,5.0911,Netherlands
1046,Oreziiy,Tilburg,51.5572,5.0911,Netherlands
1047,johnfts,Tilburg,51.5572,5.0911,Netherlands
1050,0xPierre,Tilburg,51.5572,5.0911,Netherlands
1051,Johnfts1,Tilburg,51.5572,5.0911,Netherlands
1052,oxmzid,Tilburg,51.5572,5.0911,Netherlands
1053,petitry,Tilburg,51.5572,5.0911,Netherlands
1054,paywithzcash,Tilburg,51.5572,5.0911,Netherlands
1055,ZKitty,Tilburg,51.5572,5.0911,Netherlands
1056,Rugdoctor,Tilburg,51.5572,5.0911,Netherlands
1057,leona,Tilburg,51.5572,5.0911,Netherlands
1058,Kellyjoe,Tilburg,51.5572,5.0911,Netherlands
1059,Degens,Tilburg,51.5572,5.0911,Netherlands
1064,Deegens,Tilburg,51.5572,5.0911,Netherlands
1065,Bruhwakeup,Tilburg,51.5572,5.0911,Netherlands
1067,NinjaFOMO,Tilburg,51.5572,5.0911,Netherlands
1068,Bruhwakeup,Tilburg,51.5572,5.0911,Netherlands
1069,œáŒ±Œ∂œåœÇ,Tilburg,51.5572,5.0911,Netherlands
1070,bozofrend,Tilburg,51.5572,5.0911,Netherlands
1071,WOW,Tilburg,51.5572,5.0911,Netherlands
1072,Kevin,Tilburg,51.5572,5.0911,Netherlands
1075,Kevin,Tilburg,51.5572,5.0911,Netherlands
1076,Spike,New York,40.6943,-73.9249,United States
1077,Trinath,New York,40.6943,-73.9249,United States
1078,oscar,New York,40.6943,-73.9249,United States
1079,Ayaa,New York,40.6943,-73.9249,United States
1080,zYNpt,New York,40.6943,-73.9249,United States
1082,Cryptolagos,New York,40.6943,-73.9249,United States
1083,Dennissq,New York,40.6943,-73.9249,United States
1084,nothing,New York,40.6943,-73.9249,United States
1085,Huzzam12,New York,40.6943,-73.9249,United States
1086,Domino,New York,40.6943,-73.9249,United States
1087,Omega Wolf,New York,40.6943,-73.9249,United States
1092,Tom Howard,New York,40.6943,-73.9249,United States
1093,Gilroy,New York,40.6943,-73.9249,United States
1094,Cel,New York,40.6943,-73.9249,United States
1096,Mine,New York,40.6943,-73.9249,United States
1097,Armitage,New York,40.6943,-73.9249,United States
1098,AAmandita,New York,40.6943,-73.9249,United States
1099,Zillionaire82,New York,40.6943,-73.9249,United States
1100,Enki,New York,40.6943,-73.9249,United States
1101,Aj,New York,40.6943,-73.9249,United States
1102,Deerex,Brooklyn,40.6501,-73.9496,United States
1103,mikamik,Brooklyn,40.6501,-73.9496,United States
1104,bsmzw,Brooklyn,40.6501,-73.9496,United States
1106,thecryptodad,Brooklyn,40.6501,-73.9496,United States
1108,thecryptodad,Brooklyn,40.6501,-73.9496,United States
1110,sanbaoffs,Brooklyn,40.6501,-73.9496,United States
1111,zs110,Brooklyn,40.6501,-73.9496,United States
1113,z2zcash,Brooklyn,40.6501,-73.9496,United States
1114,gokhan,Brooklyn,40.6501,-73.9496,United States
1115,Martales,Brooklyn,40.6501,-73.9496,United States
1118,Newniao,Brooklyn,40.6501,-73.9496,United States
1119,AcidBurn,Brooklyn,40.6501,-73.9496,United States
1121,ceodamil,Brooklyn,40.6501,-73.9496,United States
1122,lazul,Brooklyn,40.6501,-73.9496,United States
1125,lazul,Brooklyn,40.6501,-73.9496,United States
1126,LordxPengu,Brooklyn,40.6501,-73.9496,United States
1127,#NAME?,Brooklyn,40.6501,-73.9496,United States
1128,Zcash Group Bday Celebration Fund,Brooklyn,40.6501,-73.9496,United States
1129,{{1+1}},Brooklyn,40.6501,-73.9496,United States
1130,hiero,Brooklyn,40.6501,-73.9496,United States
1131,zash1me,Brooklyn,40.6501,-73.9496,United States
1132,bparlan,Brooklyn,40.6501,-73.9496,United States
1133,ReX,Brooklyn,40.6501,-73.9496,United States
1134,Rems,Brooklyn,40.6501,-73.9496,United States
1141,Tom Zarebczan,Brooklyn,40.6501,-73.9496,United States
1142,Seren_Aris,Brooklyn,40.6501,-73.9496,United States
1143,Owen,Dallas,32.7935,-96.7667,United States
1145,Flippy,Dallas,32.7935,-96.7667,United States
1146,Symbol,Dallas,32.7935,-96.7667,United States
1151,rektmfers,Dallas,32.7935,-96.7667,United States
1152,Cryptog,Dallas,32.7935,-96.7667,United States
1153,dblezzz,Dallas,32.7935,-96.7667,United States
1154,BarrioFinito,Dallas,32.7935,-96.7667,United States
1155,Chiyo,Dallas,32.7935,-96.7667,United States
1156,daraline,Dallas,32.7935,-96.7667,United States
1157,GKsyncZ,Berlin,52.52,13.405,Germany
1158,banghaji0543,Berlin,52.52,13.405,Germany
1159,Crypteacher,Berlin,52.52,13.405,Germany
1160,bionic,Berlin,52.52,13.405,Germany
1161,Crypteacher,Berlin,52.52,13.405,Germany
1162,jjncck,Berlin,52.52,13.405,Germany
1163,zalloween,Berlin,52.52,13.405,Germany
1164,MagickEarl,Berlin,52.52,13.405,Germany
1166,WednesdayOnly,Berlin,52.52,13.405,Germany
1167,halzion,Berlin,52.52,13.405,Germany
1171,Horvath,Berlin,52.52,13.405,Germany
1172,Struggle0x,Berlin,52.52,13.405,Germany
1174,Prepre,Berlin,52.52,13.405,Germany
1177,Magictrader,Berlin,52.52,13.405,Germany
1178,Damsel03,Berlin,52.52,13.405,Germany
1179,Snow,Berlin,52.52,13.405,Germany
1181,Felix,Berlin,52.52,13.405,Germany
1182,Sock,Berlin,52.52,13.405,Germany
1183,davidj9kse,Berlin,52.52,13.405,Germany
1184,Josh Swihart,Berlin,52.52,13.405,Germany
1185,CeukayWeb3,Berlin,52.52,13.405,Germany
1186,Meme Supreme,Berlin,52.52,13.405,Germany
1187,rhoppon,Berlin,52.52,13.405,Germany
1188,Muneth,Berlin,52.52,13.405,Germany
1193,Arooj,Berlin,52.52,13.405,Germany
1194,waseemo,Melbourne,-37.8142,144.9631,Australia
1195,Fluppy,Melbourne,-37.8142,144.9631,Australia
1196,Dimitar,Melbourne,-37.8142,144.9631,Australia
1198,zcash_inside,Melbourne,-37.8142,144.9631,Australia
1200,Hardaeborla,Melbourne,-37.8142,144.9631,Australia
1203,Nikolaassxbt,Melbourne,-37.8142,144.9631,Australia
1205,Oreziiy,Melbourne,-37.8142,144.9631,Australia
1208,Oreziiy,Melbourne,-37.8142,144.9631,Australia
1209,Western Vigilance,Melbourne,-37.8142,144.9631,Australia
1210,Fanny,Melbourne,-37.8142,144.9631,Australia
1211,Vijaya vasa,Melbourne,-37.8142,144.9631,Australia
1215,Corb,Melbourne,-37.8142,144.9631,Australia
1216,starry,Melbourne,-37.8142,144.9631,Australia
1217,ZCash South Africa,Melbourne,-37.8142,144.9631,Australia
1222,BlumRidGE,Melbourne,-37.8142,144.9631,Australia
1223,peichain,Melbourne,-37.8142,144.9631,Australia
1234,Alexander,Melbourne,-37.8142,144.9631,Australia
1236,soonbridge,Melbourne,-37.8142,144.9631,Australia
1239,alexanderjr76,Melbourne,-37.8142,144.9631,Australia
1240,TomJerry,Melbourne,-37.8142,144.9631,Australia
1241,Arooji,Melbourne,-37.8142,144.9631,Australia
1242,digital üõ°Ô∏è,Melbourne,-37.8142,144.9631,Australia
1243,ZCashDubai,Melbourne,-37.8142,144.9631,Australia
1245,1ks1,Bozhou,33.8463,115.7786,China
1246,zin,Bozhou,33.8463,115.7786,China
1250,jitsu,Bozhou,33.8463,115.7786,China
1251,Khalix,Bozhou,33.8463,115.7786,China
1256,Proud,Bozhou,33.8463,115.7786,China
1264,rius,Bozhou,33.8463,115.7786,China
1267,Zsquare,Bozhou,33.8463,115.7786,China
1268,bigmouth,Bozhou,33.8463,115.7786,China
1269,Bruce9,Bozhou,33.8463,115.7786,China
1270,Dion,Bozhou,33.8463,115.7786,China
1271,Babs,Bozhou,33.8463,115.7786,China
1272,Alex,Bozhou,33.8463,115.7786,China
1273,zeektheknight,Bozhou,33.8463,115.7786,China
1275,MrD,Bozhou,33.8463,115.7786,China
1276,gkzec,Bozhou,33.8463,115.7786,China
1277,Mancy,Bozhou,33.8463,115.7786,China
1278,dpeluola,Bozhou,33.8463,115.7786,China
1279,eyudees,Bozhou,33.8463,115.7786,China
1280,weedfather123,Bozhou,33.8463,115.7786,China
1281,Dammy,Bozhou,33.8463,115.7786,China
1282,gibby,Bozhou,33.8463,115.7786,China
1283,Parter,Barcelona,41.3833,2.1833,Spain
1284,Karina Banjamin,Barcelona,41.3833,2.1833,Spain
1285,Obabunmi,Barcelona,41.3833,2.1833,Spain
1287,bomz,Barcelona,41.3833,2.1833,Spain
1288,srun,Barcelona,41.3833,2.1833,Spain
1290,Rodlfo,Barcelona,41.3833,2.1833,Spain
1291,Biggdhan,Barcelona,41.3833,2.1833,Spain
1292,Huncho,Barcelona,41.3833,2.1833,Spain
1293,Joshuaking,Barcelona,41.3833,2.1833,Spain
1294,Aikay,Barcelona,41.3833,2.1833,Spain
1296,Sonate,Barcelona,41.3833,2.1833,Spain
1297,KevinM,Barcelona,41.3833,2.1833,Spain
1298,Ben,Barcelona,41.3833,2.1833,Spain
1299,Saenz777,Barcelona,41.3833,2.1833,Spain
1301,eno,Cape Town,-33.9253,18.4239,South Africa
1302,liquid,Cape Town,-33.9253,18.4239,South Africa
1304,ZEROX,Cape Town,-33.9253,18.4239,South Africa
1305,Max,Cape Town,-33.9253,18.4239,South Africa
1306,Krish,Cape Town,-33.9253,18.4239,South Africa
1307,Yoditar,Cape Town,-33.9253,18.4239,South Africa
1308,Cid,Cape Town,-33.9253,18.4239,South Africa
1309,ZcashRussia,Cape Town,-33.9253,18.4239,South Africa
1310,icedsolwiz,Cape Town,-33.9253,18.4239,South Africa
1311,Odtopboy,Cape Town,-33.9253,18.4239,South Africa
1313,Kroy,Cape Town,-33.9253,18.4239,South Africa
1314,Blitz8,Cape Town,-33.9253,18.4239,South Africa
1315,quasa,Cape Town,-33.9253,18.4239,South Africa
1316,quasa0,Cape Town,-33.9253,18.4239,South Africa
1317,Ibrahim,Cape Town,-33.9253,18.4239,South Africa
1318,Fortune,Cape Town,-33.9253,18.4239,South Africa
1319,Web3Voyant,Cape Town,-33.9253,18.4239,South Africa
1320,Dorkssn,Cape Town,-33.9253,18.4239,South Africa
1321,bruhhüõ°,Cape Town,-33.9253,18.4239,South Africa
1322,jeezman,Cape Town,-33.9253,18.4239,South Africa
1324,lekano,Cape Town,-33.9253,18.4239,South Africa
1326,Jaqvid,Cape Town,-33.9253,18.4239,South Africa
1327,Akcempire,Cape Town,-33.9253,18.4239,South Africa
1328,Patrick,Cape Town,-33.9253,18.4239,South Africa
1329,Drock,Cape Town,-33.9253,18.4239,South Africa
1330,tengen3wives,San Francisco,37.7558,-122.4449,United States
1331,Vynlouisa,San Francisco,37.7558,-122.4449,United States
1332,JCAIII,San Francisco,37.7558,-122.4449,United States
1334,Wizard,San Francisco,37.7558,-122.4449,United States
1335,taowzer,San Francisco,37.7558,-122.4449,United States
1336,arayyye,San Francisco,37.7558,-122.4449,United States
1337,Tedan,San Francisco,37.7558,-122.4449,United States
1338,P5,San Francisco,37.7558,-122.4449,United States
1339,Duckie,San Francisco,37.7558,-122.4449,United States
1340,marz,San Francisco,37.7558,-122.4449,United States
1341,Beazy415,San Francisco,37.7558,-122.4449,United States
1342,alphacruze,San Francisco,37.7558,-122.4449,United States
1343,BRON,San Francisco,37.7558,-122.4449,United States
1344,Zlberto,San Francisco,37.7558,-122.4449,United States
1345,jielraci,San Francisco,37.7558,-122.4449,United States
1346,Zlberto,San Francisco,37.7558,-122.4449,United States
1347,sly,San Francisco,37.7558,-122.4449,United States
1348,Ibrahim1,San Francisco,37.7558,-122.4449,United States
1349,sly,San Francisco,37.7558,-122.4449,United States
1350,Krishna,San Francisco,37.7558,-122.4449,United States
1351,Robmarn,San Francisco,37.7558,-122.4449,United States
1352,Cheeringsample,San Francisco,37.7558,-122.4449,United States
1353,Rexcrypto,San Francisco,37.7558,-122.4449,United States
1354,JAH,San Francisco,37.7558,-122.4449,United States
1355,raskapital,San Francisco,37.7558,-122.4449,United States
1356,Trippie,San Francisco,37.7558,-122.4449,United States
1357,Punisher,San Francisco,37.7558,-122.4449,United States
1358,zolanamaxi,San Francisco,37.7558,-122.4449,United States
1359,ZolanaMaxi,San Francisco,37.7558,-122.4449,United States
1360,Fasb63259099,San Francisco,37.7558,-122.4449,United States
1362,Bowss,San Francisco,37.7558,-122.4449,United States
1363,iamjonny,San Francisco,37.7558,-122.4449,United States
1364,karlachuo,San Francisco,37.7558,-122.4449,United States
1365,valeria,San Francisco,37.7558,-122.4449,United States
1366,ErikGreen,San Francisco,37.7558,-122.4449,United States
1368,dafacto,San Francisco,37.7558,-122.4449,United States
1369,LemanZ,San Francisco,37.7558,-122.4449,United States
1370,quppaa,San Francisco,37.7558,-122.4449,United States
1371,Silentpadrino,San Francisco,37.7558,-122.4449,United States
1372,robmarn,San Francisco,37.7558,-122.4449,United States
1373,Scott,San Francisco,37.7558,-122.4449,United States
1374,zuantum,San Francisco,37.7558,-122.4449,United States
1375,Burns,San Francisco,37.7558,-122.4449,United States
1376,ZHAO,San Francisco,37.7558,-122.4449,United States
1378,thounameis,San Francisco,37.7558,-122.4449,United States
1379,zsa,San Francisco,37.7558,-122.4449,United States
1380,nothings,San Francisco,37.7558,-122.4449,United States
1381,Z0RR0 KNOWLEDGE PROOF,San Francisco,37.7558,-122.4449,United States
1382,Danielcry,San Francisco,37.7558,-122.4449,United States
1383,Ruggpool,San Francisco,37.7558,-122.4449,United States
1384,GoodDay,San Francisco,37.7558,-122.4449,United States
1385,Z,San Francisco,37.7558,-122.4449,United States
1386,Kyle,San Francisco,37.7558,-122.4449,United States
1387,CanadianExile,San Francisco,37.7558,-122.4449,United States
1388,Z0RR0 KNOWLEDGE PROOF,San Francisco,37.7558,-122.4449,United States
1389,Rizaladiix,San Francisco,37.7558,-122.4449,United States
1390,veronica,San Francisco,37.7558,-122.4449,United States
1391,Pray,San Francisco,37.7558,-122.4449,United States
1392,havertz_12,San Francisco,37.7558,-122.4449,United States
1393,Nalaw1nsol,San Francisco,37.7558,-122.4449,United States
1394,SeraBeacon,San Francisco,37.7558,-122.4449,United States
1395,scott,San Francisco,37.7558,-122.4449,United States
1396,Zero0x,San Francisco,37.7558,-122.4449,United States
1397,credentials,San Francisco,37.7558,-122.4449,United States
1398,Breedmaster,San Francisco,37.7558,-122.4449,United States
1399,Jackk,San Francisco,37.7558,-122.4449,United States
1400,R7gen,San Francisco,37.7558,-122.4449,United States
1401,Sally,San Francisco,37.7558,-122.4449,United States
1402,Chekctomz,San Francisco,37.7558,-122.4449,United States
1403,Pew28,San Francisco,37.7558,-122.4449,United States
1404,Vanister7,San Francisco,37.7558,-122.4449,United States
1405,Biotife,San Francisco,37.7558,-122.4449,United States
1408,Vexxion,San Francisco,37.7558,-122.4449,United States
1409,itsydm,San Francisco,37.7558,-122.4449,United States
1410,Vexxion,San Francisco,37.7558,-122.4449,United States
1411,yahtzer0,Jaipur,26.9,75.8,India
1412,Oba immanuel,Jaipur,26.9,75.8,India
1413,attzyx,Jaipur,26.9,75.8,India
1414,Stable7,Jaipur,26.9,75.8,India
1415,avglide,Jaipur,26.9,75.8,India
1417,Bill,Jaipur,26.9,75.8,India
1418,vyxonly,Jaipur,26.9,75.8,India
1419,aeyyza,Jaipur,26.9,75.8,India
1420,conelo,New York,40.6943,-73.9249,United States
1421,arcnival,New York,40.6943,-73.9249,United States
1422,nagabonar,New York,40.6943,-73.9249,United States
1423,fumi,New York,40.6943,-73.9249,United States
1424,Zai,New York,40.6943,-73.9249,United States
1425,NogizakaYy1,Washington,38.9047,-77.0163,United States
1428,Hausa,Washington,38.9047,-77.0163,United States
1430,Donzie,Washington,38.9047,-77.0163,United States
1431,CobraZec,Washington,38.9047,-77.0163,United States
1432,AlPa,Washington,38.9047,-77.0163,United States
1433,Zhashi,Washington,38.9047,-77.0163,United States
1434,crypt0polak,Washington,38.9047,-77.0163,United States
1435,P,Washington,38.9047,-77.0163,United States
1436,Lizard,Washington,38.9047,-77.0163,United States
1437,Galaxy101,Washington,38.9047,-77.0163,United States
1438,Kingpapiyolo,Washington,38.9047,-77.0163,United States
1439,rfqifzlweb3,Washington,38.9047,-77.0163,United States
1440,Nattsumi,Washington,38.9047,-77.0163,United States
1441,stevnwlm,Washington,38.9047,-77.0163,United States
1442,preset,Washington,38.9047,-77.0163,United States
1443,Altha,Washington,38.9047,-77.0163,United States
1444,Althaxz,Washington,38.9047,-77.0163,United States
1445,rfqifzlweb3,Washington,38.9047,-77.0163,United States
1446,yanke,Washington,38.9047,-77.0163,United States
1447,btcethsolzec,Washington,38.9047,-77.0163,United States
1448,btcethsolsec,Washington,38.9047,-77.0163,United States
1449,allina,Washington,38.9047,-77.0163,United States
1450,Nala,Washington,38.9047,-77.0163,United States
1451,rfqifzlweb3,Washington,38.9047,-77.0163,United States
1452,shim,Washington,38.9047,-77.0163,United States
1453,Namiiiix_,Washington,38.9047,-77.0163,United States
1454,Mrbobz,Washington,38.9047,-77.0163,United States
1455,araicis,Washington,38.9047,-77.0163,United States
1456,istanbul0x,Washington,38.9047,-77.0163,United States
1458,Denuit,Washington,38.9047,-77.0163,United States
1459,RARARA,Washington,38.9047,-77.0163,United States
1460,DonDennis,Washington,38.9047,-77.0163,United States
1461,Snappa,Washington,38.9047,-77.0163,United States
1462,ElPuerco,Washington,38.9047,-77.0163,United States
1463,smokedog,Washington,38.9047,-77.0163,United States
1464,rrisanoyam,Washington,38.9047,-77.0163,United States
1465,PAYSO,Washington,38.9047,-77.0163,United States
1466,Psypher5,Washington,38.9047,-77.0163,United States
1467,SOOK,Washington,38.9047,-77.0163,United States
1468,Sook1,Washington,38.9047,-77.0163,United States
1469,ZcashJapan,Washington,38.9047,-77.0163,United States
1471,k4iz3n2,Washington,38.9047,-77.0163,United States
1472,GKsyncZ,Washington,38.9047,-77.0163,United States
1473,Giakhang,Washington,38.9047,-77.0163,United States
1475,Maze77,Washington,38.9047,-77.0163,United States
1477,WillSainttt,Washington,38.9047,-77.0163,United States
1483,racheal,Washington,38.9047,-77.0163,United States
1484,Matt,Washington,38.9047,-77.0163,United States
1485,Matt,Washington,38.9047,-77.0163,United States
1486,Matt,Washington,38.9047,-77.0163,United States
1487,martin,Washington,38.9047,-77.0163,United States
1488,BurtMurphy,Washington,38.9047,-77.0163,United States
1489,Fuad,Washington,38.9047,-77.0163,United States
1490,Sizks,Washington,38.9047,-77.0163,United States
1491,eliane,Washington,38.9047,-77.0163,United States
1492,ivxn,Washington,38.9047,-77.0163,United States
1493,FakeMoneyTrader,Washington,38.9047,-77.0163,United States
1494,MaxLiquidity,Washington,38.9047,-77.0163,United States
1495,James,Washington,38.9047,-77.0163,United States
1496,Buda,Washington,38.9047,-77.0163,United States
1498,ZHAO,Washington,38.9047,-77.0163,United States
1500,Marios,Washington,38.9047,-77.0163,United States
1501,Braimrapp,Washington,38.9047,-77.0163,United States
1502,Jrembo,Washington,38.9047,-77.0163,United States
1504,NOBLEMUM,Washington,38.9047,-77.0163,United States
1509,angelqtz,Los Angeles,34.1141,-118.407,United States
1510,Aleopard,Los Angeles,34.1141,-118.407,United States
1511,angelqtz,Los Angeles,34.1141,-118.407,United States
1512,Hashcodelife,Los Angeles,34.1141,-118.407,United States
1513,Zcashboss,Los Angeles,34.1141,-118.407,United States
1514,Creature,Los Angeles,34.1141,-118.407,United States
1515,Clus,Qincheng,34.5815,105.7248,China
1516,King David,Qincheng,34.5815,105.7248,China
1517,Nanaminami,Qincheng,34.5815,105.7248,China
1518,28keyking92,Qincheng,34.5815,105.7248,China
1519,reyna31,Qincheng,34.5815,105.7248,China
1520,Tohsingg,Qincheng,34.5815,105.7248,China
1521,LFG,Qincheng,34.5815,105.7248,China
1522,Charity,Qincheng,34.5815,105.7248,China
1523,ZcashGuardian,Qincheng,34.5815,105.7248,China
1524,patihnotbad1z,Qincheng,34.5815,105.7248,China
1525,Txp,Qincheng,34.5815,105.7248,China
1526,Juraj,Qincheng,34.5815,105.7248,China
1527,Chisee,Qincheng,34.5815,105.7248,China
1528,Tigro,Qincheng,34.5815,105.7248,China
1529,Gus,Qincheng,34.5815,105.7248,China
1530,Teppuz,Qincheng,34.5815,105.7248,China
1531,Tom Zarebczan,Qincheng,34.5815,105.7248,China
1532,dede,Qincheng,34.5815,105.7248,China
1533,Npz,Qincheng,34.5815,105.7248,China
1534,Tank,Qincheng,34.5815,105.7248,China
1535,kinarxav,Qincheng,34.5815,105.7248,China
1536,EnigmaticRae,Qincheng,34.5815,105.7248,China
1537,Egypt,Qincheng,34.5815,105.7248,China
1538,gokyo,Qincheng,34.5815,105.7248,China
1539,tactics,Qincheng,34.5815,105.7248,China
1540,Trippiercrypt01,Qincheng,34.5815,105.7248,China
1541,Azeez,Qincheng,34.5815,105.7248,China
1542,Kingmaker,Qincheng,34.5815,105.7248,China
1543,muslikh,London,51.5072,-0.1275,United Kingdom
1544,ndy,London,51.5072,-0.1275,United Kingdom
1545,wira,London,51.5072,-0.1275,United Kingdom
1546,Von,London,51.5072,-0.1275,United Kingdom
1547,paradigm,London,51.5072,-0.1275,United Kingdom
1548,TR8UPG,London,51.5072,-0.1275,United Kingdom
1549,TR8UPG,London,51.5072,-0.1275,United Kingdom
1550,Akcempire,London,51.5072,-0.1275,United Kingdom
1552,ZcashOP,London,51.5072,-0.1275,United Kingdom
1553,Zebediah,London,51.5072,-0.1275,United Kingdom
1554,skrtzy,London,51.5072,-0.1275,United Kingdom
1555,richie,London,51.5072,-0.1275,United Kingdom
1556,richiecat,London,51.5072,-0.1275,United Kingdom
1557,jef,London,51.5072,-0.1275,United Kingdom
1558,OrangeApe,London,51.5072,-0.1275,United Kingdom
1559,perky,London,51.5072,-0.1275,United Kingdom
1560,Fiü¶Ñ,London,51.5072,-0.1275,United Kingdom
1561,kanga,London,51.5072,-0.1275,United Kingdom
1562,Sam,London,51.5072,-0.1275,United Kingdom
1563,Markus,Zibo,36.8138,118.055,China
1564,Mage,Zibo,36.8138,118.055,China
1565,mage,Zibo,36.8138,118.055,China
1566,chad,Zibo,36.8138,118.055,China
1567,Chad,Zibo,36.8138,118.055,China
1568,bold,Zibo,36.8138,118.055,China
1569,Carloszap,Zibo,36.8138,118.055,China
1570,ma,Zibo,36.8138,118.055,China
1571,hashgpg,Zibo,36.8138,118.055,China
1572,Yosh,Zibo,36.8138,118.055,China
1573,nitro,Zibo,36.8138,118.055,China
1574,u1hndtl0lgf3fzkh40smaaqc0sxu0jzj7u5zy78g3pmag34f0lunumnrsqukw73psyhnyfcskf2h4wxemh4aawxvdqf57nf8nxz4kgns4kcwmwqjsqhw6jh4g2cugglj64phlpzm9cv5gzyrzy9t35y6x5mlt746k3ec4pnxtfz5vpp7q8vhtsh3hqjajyrg005j6a3a9k20sryav5ksd,Zibo,36.8138,118.055,China
1575,Zolanear,Zibo,36.8138,118.055,China
1576,Jack,Zibo,36.8138,118.055,China
1577,808zec,Zibo,36.8138,118.055,China
1578,Niftyn0ds,Zibo,36.8138,118.055,China
1579,replicationlag,Zibo,36.8138,118.055,China
1580,CptVeteran,Zibo,36.8138,118.055,China
1581,Oreziiy,Zibo,36.8138,118.055,China
1582,Ogcryptosage,New York,40.6943,-73.9249,United States
1583,frenzcash,New York,40.6943,-73.9249,United States
1584,Nik,New York,40.6943,-73.9249,United States
1585,Rainbowboyly,New York,40.6943,-73.9249,United States
1586,michiokage,New York,40.6943,-73.9249,United States
1587,Prayismyname,Zibo,36.8138,118.055,China
1588,Gorga Siagian,Zibo,36.8138,118.055,China
1589,zoge,Philadelphia,40.0077,-75.1339,United States
1590,ZCASHHERO,Philadelphia,40.0077,-75.1339,United States
1591,rfqifzlweb3,Philadelphia,40.0077,-75.1339,United States
1592,BroadArrow,Philadelphia,40.0077,-75.1339,United States
1593,Gandinaaay,Philadelphia,40.0077,-75.1339,United States
1594,Gandinaaay,Philadelphia,40.0077,-75.1339,United States
1595,Nabzzzz,Philadelphia,40.0077,-75.1339,United States
1596,carover0,Philadelphia,40.0077,-75.1339,United States
1597,Anshuman,Philadelphia,40.0077,-75.1339,United States
1598,Nilin,Philadelphia,40.0077,-75.1339,United States
1599,Anchor,Philadelphia,40.0077,-75.1339,United States
1600,coolestmoneyever,Philadelphia,40.0077,-75.1339,United States
1601,Zeal,Philadelphia,40.0077,-75.1339,United States
1602,mascot,Philadelphia,40.0077,-75.1339,United States
1603,GavinTheEyeDr,Philadelphia,40.0077,-75.1339,United States
1604,piero,Philadelphia,40.0077,-75.1339,United States
1605,Gavin Chiu,Philadelphia,40.0077,-75.1339,United States
1606,bored,Philadelphia,40.0077,-75.1339,United States
1607,Ayana,Philadelphia,40.0077,-75.1339,United States
1608,orhundotb,Philadelphia,40.0077,-75.1339,United States
1614,Dev,Philadelphia,40.0077,-75.1339,United States
1615,nilraka,Philadelphia,40.0077,-75.1339,United States
1616,inspire_s,Philadelphia,40.0077,-75.1339,United States
1617,zkfriendly,Philadelphia,40.0077,-75.1339,United States
1618,elliott,Philadelphia,40.0077,-75.1339,United States
1619,yesper,Philadelphia,40.0077,-75.1339,United States
1620,TickleMissle,Philadelphia,40.0077,-75.1339,United States
1621,Rlad,Philadelphia,40.0077,-75.1339,United States
1622,melonmusk,Birmingham,52.48,-1.9025,United Kingdom
1623,D_rock,Birmingham,52.48,-1.9025,United Kingdom
1624,Mihaggi,Birmingham,52.48,-1.9025,United Kingdom
1625,FutureLuckyGuy,Birmingham,52.48,-1.9025,United Kingdom
1626,Milan,Birmingham,52.48,-1.9025,United Kingdom
1627,DrWednesday,Birmingham,52.48,-1.9025,United Kingdom
1628,Allegedlyjason,Birmingham,52.48,-1.9025,United Kingdom
1629,BenYater,Birmingham,52.48,-1.9025,United Kingdom
1630,Only1bennycfx,Birmingham,52.48,-1.9025,United Kingdom
1631,nms,Birmingham,52.48,-1.9025,United Kingdom
1632,Trenchruski,Los Angeles,34.1141,-118.407,United States
1633,thatsnas1oo,Los Angeles,34.1141,-118.407,United States
1634,GoodTexture,Los Angeles,34.1141,-118.407,United States
1635,Zcashceo,Los Angeles,34.1141,-118.407,United States
1636,Rainbowboyly,Los Angeles,34.1141,-118.407,United States
1637,LFGZEC,Los Angeles,34.1141,-118.407,United States
1638,MaxCrypt_,Dallas,32.7935,-96.7667,United States
1639,Zcash Explained,Dallas,32.7935,-96.7667,United States
1640,mike,Dallas,32.7935,-96.7667,United States
1641,dumbbyte,Dallas,32.7935,-96.7667,United States
1642,ZEC BEGGARüõ°,Dallas,32.7935,-96.7667,United States
1643,zoneid,Dallas,32.7935,-96.7667,United States
1644,QuantumPi,Dallas,32.7935,-96.7667,United States
1645,EnigmaticRae,Dallas,32.7935,-96.7667,United States
1646,Shielded,Dallas,32.7935,-96.7667,United States
1647,Zara,New York,40.6943,-73.9249,United States
1648,Zecmas,New York,40.6943,-73.9249,United States
1649,Dorian,New York,40.6943,-73.9249,United States
1650,rebels_duck,New York,40.6943,-73.9249,United States
1651,Deneb,New York,40.6943,-73.9249,United States
1654,akatonomastos,Philadelphia,40.0077,-75.1339,United States
1655,web3sly,Philadelphia,40.0077,-75.1339,United States
1657,houseofgrace,Philadelphia,40.0077,-75.1339,United States
1658,Rottenbananas,Philadelphia,40.0077,-75.1339,United States
1659,env,Philadelphia,40.0077,-75.1339,United States
1660,jer,Philadelphia,40.0077,-75.1339,United States
1661,jer,Philadelphia,40.0077,-75.1339,United States
1662,Froog,Philadelphia,40.0077,-75.1339,United States
1663,cheezymady24,Philadelphia,40.0077,-75.1339,United States
1664,Sammyvirus,Philadelphia,40.0077,-75.1339,United States
1665,Benoit,Philadelphia,40.0077,-75.1339,United States
1666,Abdulmajid Hamisu,Philadelphia,40.0077,-75.1339,United States
1669,Abdulmajid Hamisu,Philadelphia,40.0077,-75.1339,United States
1670,Smit,Philadelphia,40.0077,-75.1339,United States
1671,Joa,Philadelphia,40.0077,-75.1339,United States
1672,Kevin,Philadelphia,40.0077,-75.1339,United States
1673,Kez,Philadelphia,40.0077,-75.1339,United States
1674,sagi,Philadelphia,40.0077,-75.1339,United States
1675,roseternally,Philadelphia,40.0077,-75.1339,United States
1676,simon,Philadelphia,40.0077,-75.1339,United States
1677,FaisalTrillionaireDubai,Philadelphia,40.0077,-75.1339,United States
1678,sumok,Philadelphia,40.0077,-75.1339,United States
1679,amin,Philadelphia,40.0077,-75.1339,United States
1680,DamonHawks,Philadelphia,40.0077,-75.1339,United States
1681,intern,Philadelphia,40.0077,-75.1339,United States
1682,Abdulmajid Hamisu,Philadelphia,40.0077,-75.1339,United States
1683,Aravind,Philadelphia,40.0077,-75.1339,United States
1685,roseternally,Philadelphia,40.0077,-75.1339,United States
1686,globin,Los Angeles,34.1141,-118.407,United States
1688,2,Los Angeles,34.1141,-118.407,United States
1689,Carloszap,Los Angeles,34.1141,-118.407,United States
1690,0x1Kenobi,Los Angeles,34.1141,-118.407,United States
1691,everest,Los Angeles,34.1141,-118.407,United States
1694,Dorian,Los Angeles,34.1141,-118.407,United States
1695,MattX,Dallas,32.7935,-96.7667,United States
1696,Dara,Dallas,32.7935,-96.7667,United States
1697,Za,Dallas,32.7935,-96.7667,United States
1698,zancas,Dallas,32.7935,-96.7667,United States
1699,Dreamstarnft,Dallas,32.7935,-96.7667,United States
1700,ijwonsol,Dallas,32.7935,-96.7667,United States
1701,starfish,Dallas,32.7935,-96.7667,United States
1702,Astolpho,Dallas,32.7935,-96.7667,United States
1703,Surtrisno,Dallas,32.7935,-96.7667,United States
1705,Rezimx01,Dallas,32.7935,-96.7667,United States
1706,ZIEDL,Dallas,32.7935,-96.7667,United States
1707,Diablo,Dallas,32.7935,-96.7667,United States
1708,sal,Dallas,32.7935,-96.7667,United States
1709,Zeyad,Dallas,32.7935,-96.7667,United States
1710,melyaa,Dallas,32.7935,-96.7667,United States
1711,Cannabisking42,Dallas,32.7935,-96.7667,United States
1712,Zcash,Dallas,32.7935,-96.7667,United States
1713,Chuck,Dallas,32.7935,-96.7667,United States
1714,egypt,Dallas,32.7935,-96.7667,United States
1715,zAllegedly,Dallas,32.7935,-96.7667,United States
1716,≈Ω,Tokyo,35.687,139.7495,Japan
1717,wahome,Tokyo,35.687,139.7495,Japan
1718,richoandika,Tokyo,35.687,139.7495,Japan
1720,Karan,London,51.5072,-0.1275,United Kingdom
1721,Ycashmedia,London,51.5072,-0.1275,United Kingdom
1722,okxexchange,London,51.5072,-0.1275,United Kingdom
1723,jjaajjaax,London,51.5072,-0.1275,United Kingdom
1724,dguardian0,London,51.5072,-0.1275,United Kingdom
1725,Maximus,London,51.5072,-0.1275,United Kingdom
1726,dxi,London,51.5072,-0.1275,United Kingdom
1727,TheBendingUnit,London,51.5072,-0.1275,United Kingdom
1729,Rupee,London,51.5072,-0.1275,United Kingdom
1730,Yaotoshi,London,51.5072,-0.1275,United Kingdom
1731,Erdalaksoy,London,51.5072,-0.1275,United Kingdom
1732,bolaji,London,51.5072,-0.1275,United Kingdom
1733,Maadmaax22,London,51.5072,-0.1275,United Kingdom
1734,K,London,51.5072,-0.1275,United Kingdom
1735,Gbooks,London,51.5072,-0.1275,United Kingdom
1736,c_gaius_j,London,51.5072,-0.1275,United Kingdom
1737,purify,London,51.5072,-0.1275,United Kingdom
1738,Grant Lee,London,51.5072,-0.1275,United Kingdom
1739,palm trees,London,51.5072,-0.1275,United Kingdom
1740,PIXIE,Tokyo,35.687,139.7495,Japan
1741,fullyshielded,New York,40.6943,-73.9249,United States
1742,tanya,New York,40.6943,-73.9249,United States
1743,zkrpivate,New York,40.6943,-73.9249,United States
1744,paradigm,New York,40.6943,-73.9249,United States
1745,9,New York,40.6943,-73.9249,United States
